Sender_account,Receiver_account,Amount,Payment_currency,Received_currency,Sender_bank_location,Receiver_bank_location,Payment_type,Is_laundering,Laundering_type
3123,4526,4602.72,7,4,6,3,7,0,0
633,2075,3341.83,1,5,1,5,1,1,3
4002,4798,5321.31,5,2,0,6,2,1,4
4913,735,809.84,4,7,3,5,0,0,1
4824,2098,947.71,1,0,3,2,1,1,2
3142,2350,9233.3,1,6,3,5,4,1,5
4548,4530,4717.89,0,4,6,3,6,0,1
2597,3983,27.61,1,2,0,4,6,0,0
3222,4116,5107.48,4,0,5,4,4,1,3
4833,586,2146.21,4,4,0,6,1,1,6
16,1732,5722.38,0,6,6,6,3,0,0
43,2980,5234.69,4,6,5,4,1,1,3
3460,3134,9607.81,3,2,6,4,4,1,4
2858,2228,6907.39,2,6,1,0,6,0,1
2463,132,6555.27,5,6,0,4,4,1,2
1101,3866,2541.05,5,6,2,6,6,0,0
1009,3782,2374.48,3,6,3,0,2,1,6
2771,162,7895.53,7,6,5,4,6,0,1
4971,1434,5272.65,0,0,5,4,3,0,0
505,2195,4699.13,3,6,0,3,2,1,3
4474,4472,170.64,2,1,3,0,0,0,0
138,4166,9487.6,7,3,4,2,6,0,1
4849,3510,2386.99,0,5,1,4,6,0,1
4025,1790,2477.75,0,7,1,4,1,1,3
2738,2496,2356.24,4,3,5,4,5,0,1
3157,351,4302.27,3,6,6,4,2,1,2
742,200,2990.93,7,7,0,0,0,0,0
1004,4389,3270.35,5,6,5,4,6,0,1
1905,3141,3071.02,1,2,6,3,0,0,1
341,380,874.46,7,2,7,3,3,0,0
4576,2393,7981.79,4,2,6,3,2,1,6
4551,2170,4365.13,1,6,0,0,0,0,1
1999,2112,2816.67,1,2,0,5,6,0,1
1912,3388,776.9,1,5,1,3,0,0,0
4259,3512,4074.15,6,1,2,4,7,0,0
4054,4525,160.08,7,4,3,3,4,1,6
2040,2748,8565.7,6,4,6,4,5,0,1
3017,4941,4159.33,0,5,0,3,0,0,0
1909,3952,4688.39,3,5,1,5,0,0,0
3175,1146,7284.94,7,2,0,1,7,0,0
3931,3052,7770.85,5,6,1,5,7,0,0
796,1516,7302.81,3,4,2,3,6,0,1
4987,4257,3317.23,0,0,7,6,5,0,1
1267,3780,3324.15,6,7,1,0,4,1,5
1508,1444,1982.55,6,0,7,1,3,0,1
2148,3537,9029.37,2,0,3,0,6,0,1
2908,2725,6534.03,5,0,4,3,4,1,6
3294,4893,1679.36,4,6,4,4,6,0,2
403,3087,2145.74,2,3,0,2,0,0,0
3937,1658,1052.31,4,6,7,3,6,0,0
1771,594,9609.02,5,6,5,6,6,0,1
876,3459,7459.28,6,7,6,7,4,1,2
4973,472,1502.12,0,0,3,1,6,0,1
2973,3046,3691.52,0,6,0,3,0,0,0
826,2909,9257.38,7,0,1,5,7,0,1
173,4513,6015.97,3,0,4,3,3,0,0
3306,4835,595.39,5,0,6,5,3,0,0
4708,2556,5619.88,7,0,6,4,5,0,1
3507,2161,6970.44,2,3,7,5,1,1,4
4884,1038,3722.11,2,0,3,7,4,1,2
39,3907,4219.36,1,3,6,6,0,0,0
3607,215,5496.27,3,6,0,3,4,1,6
3084,4068,8284.55,6,1,1,0,1,1,5
1984,1479,7107.09,1,2,1,5,3,0,1
4508,4935,6364.07,7,5,1,6,5,0,1
1603,1957,4603.23,6,6,5,2,4,1,6
3557,2196,3955.54,3,6,1,4,3,0,0
2709,2068,7142.99,1,6,2,4,5,0,0
67,3487,5761.63,7,4,2,7,0,0,1
2639,4450,9416.59,5,6,4,2,1,1,2
454,836,2494.19,0,0,4,0,6,0,0
4315,2032,7322.1,6,4,5,4,3,0,1
3578,3796,4992.53,1,3,5,7,0,0,1
2479,1565,3854.67,5,0,0,5,1,1,4
1013,3627,6633.6,2,6,2,2,4,1,6
264,4465,423.43,3,3,6,7,1,1,5
1952,763,5877.3,3,0,3,7,6,0,1
841,418,1963.53,3,2,6,1,0,0,1
2172,4852,7731.09,7,4,0,1,3,0,1
4279,2005,1981.44,6,0,4,1,4,1,5
1988,3440,896.52,4,2,2,7,1,1,3
235,288,2731.58,1,7,3,4,2,1,4
2101,2414,9207.92,6,6,1,5,6,0,1
3036,4785,49.98,7,6,3,2,7,0,1
2383,2827,4063.48,6,6,2,7,6,0,0
3377,2259,454.74,7,0,7,3,2,1,2
2514,2900,6825.18,5,2,1,0,0,0,0
438,513,2824.48,2,4,5,3,3,0,1
671,2982,2360.62,0,3,3,7,6,0,1
2474,4309,2075.75,3,0,5,4,1,1,2
4007,2765,1174.32,0,7,4,5,5,0,1
432,1868,7572.75,4,5,4,2,6,0,0
3740,117,1212.6,6,4,2,2,2,1,4
4059,1966,14.23,6,0,4,2,2,1,2
1891,2220,3637.4,2,3,2,3,6,0,0
1555,2291,9655.86,0,0,6,5,6,0,1
4218,2591,4826.13,5,4,3,6,1,1,5
1012,2872,5077.78,4,6,7,6,4,1,7
3841,4332,5862.96,4,3,5,7,4,1,2
3325,4617,2872.59,0,1,4,2,7,0,1
3716,4056,1525.21,3,6,0,0,6,0,0
477,3684,9980.22,5,5,6,2,4,1,6
1123,4017,1118.21,3,0,1,4,0,0,0
4754,4045,4012.1,3,2,6,7,3,0,0
2630,3667,8989.8,7,5,3,2,4,1,3
467,4370,4931.17,0,0,5,3,6,0,1
4694,4929,153.37,5,0,1,1,2,1,6
164,3275,7509.0,4,2,1,4,7,0,0
4369,2044,5672.52,0,5,5,0,5,0,1
386,1572,3727.85,4,5,0,3,5,0,0
4188,1213,2396.13,4,6,6,5,5,0,1
4238,4141,7615.05,5,3,1,1,3,0,1
1966,3008,8838.76,6,5,3,1,2,1,2
3830,2927,3247.97,3,7,7,5,0,0,0
1086,2230,4385.77,7,4,2,6,3,0,1
1680,4426,3607.8,4,0,6,1,6,0,1
4048,2470,6105.85,7,1,7,0,7,0,0
961,2354,2443.03,2,7,3,5,7,0,0
2537,4497,1155.43,4,7,1,1,0,0,1
979,3406,458.44,0,7,4,3,3,0,0
2082,2014,8091.0,1,2,4,3,6,0,0
3955,4587,3172.78,3,3,5,7,6,0,1
2079,4281,8228.93,7,3,1,0,3,0,1
619,4773,5561.08,4,5,4,6,7,0,0
1376,2875,6083.01,4,4,2,0,5,0,0
1125,281,6728.07,3,2,3,6,3,0,0
4881,4706,1478.83,7,7,7,1,2,1,7
4076,4527,5704.68,0,6,1,3,2,1,5
1257,1206,4273.09,3,2,0,0,0,0,1
4905,4820,2646.94,5,5,1,6,2,1,3
2707,652,7076.38,6,4,7,4,2,1,2
4006,880,5986.04,6,0,7,1,6,0,0
928,1846,3079.35,2,2,5,5,2,1,3
1407,2441,6688.17,4,0,0,0,4,1,3
3453,411,1683.63,3,3,7,6,3,0,1
757,3040,6501.5,1,3,1,7,7,0,0
3254,95,1229.91,2,4,5,7,5,0,1
2442,2661,8882.73,3,5,3,3,2,1,5
3981,3334,2964.91,4,1,7,0,3,0,0
3735,4346,4591.95,5,1,3,3,5,0,0
4895,1602,5106.82,6,5,7,5,1,1,6
2022,177,1069.99,5,7,6,6,1,1,7
2512,2336,1817.22,5,1,2,1,0,0,1
3530,2265,7477.81,1,7,0,4,0,0,1
4069,539,6022.05,4,1,7,1,5,0,1
4723,3876,2214.7,3,2,0,2,6,0,0
2143,1955,7268.33,6,5,1,3,1,1,2
2849,3925,5982.44,0,2,5,5,2,1,5
4801,1708,7320.24,7,1,5,5,7,0,0
2902,853,9069.05,6,3,2,5,5,0,1
602,3977,2747.62,5,7,7,3,1,1,5
105,4833,6740.61,4,7,2,3,7,0,1
4860,3070,2101.39,3,4,3,5,0,0,1
3141,424,4922.82,5,0,4,1,3,0,1
3653,1221,310.42,5,5,6,0,5,0,1
1850,3755,1951.27,1,4,5,1,0,0,1
1316,4128,2569.61,5,0,4,4,2,1,5
4271,4202,4267.2,5,7,2,0,2,1,2
4175,780,3537.28,3,2,5,4,7,0,1
3459,2091,4575.58,5,0,5,7,0,0,0
1315,739,23.65,1,1,1,5,3,0,0
1720,1343,3675.05,1,3,7,7,7,0,0
4742,2233,2964.76,6,6,6,5,3,0,1
2500,532,4708.54,2,1,1,2,1,1,2
2426,4443,2399.04,5,1,0,5,5,0,1
420,742,3878.72,1,6,0,3,4,1,4
644,2204,4339.01,2,2,5,2,0,0,1
995,3453,2552.28,3,6,7,2,1,1,4
1032,4326,53.56,1,0,5,5,6,0,1
1260,2670,5803.16,4,6,3,3,1,1,4
2412,2539,1676.46,4,3,5,5,3,0,0
3560,4888,4343.37,2,6,7,7,2,1,6
1714,4568,3574.1,3,2,3,0,3,0,0
4951,1505,8996.0,0,3,4,0,0,0,1
587,677,5844.88,3,2,7,7,3,0,0
2917,1610,4664.92,6,5,4,2,6,0,1
704,1010,2879.79,4,0,0,4,2,1,4
4184,4716,2555.63,2,3,0,7,0,0,0
1248,627,101.66,6,2,7,0,4,1,3
4477,2891,4935.22,3,1,7,5,5,1,0
1247,617,6951.88,0,6,6,5,1,1,5
1019,3139,3928.7,5,5,4,1,0,0,1
1148,3976,8840.85,0,1,4,2,4,1,4
2526,3242,2014.63,1,5,5,4,2,1,7
3592,2380,3961.43,5,3,4,0,0,0,1
1250,746,3332.63,2,2,2,7,4,1,4
688,650,6316.41,6,2,2,5,4,1,3
2299,4183,1304.49,6,5,4,0,6,0,1
4746,4933,4395.71,4,5,4,0,5,0,1
3676,314,3109.28,0,0,3,0,1,1,6
2252,579,1643.88,7,5,3,5,1,1,7
3817,1506,1748.77,1,6,2,0,3,0,0
3321,662,4642.16,6,4,1,3,0,0,0
3827,2655,8295.75,0,4,1,5,5,0,0
1008,2474,2073.41,1,2,1,3,7,0,1
488,2497,6139.37,0,3,6,2,4,1,7
4581,3838,7569.76,5,7,2,0,5,0,0
2999,1814,945.45,4,3,3,7,2,1,7
4681,3649,7179.41,7,5,2,2,0,0,1
3020,388,8294.01,3,7,0,5,3,0,0
2450,3136,9468.52,3,3,5,3,4,1,6
2001,2968,4800.17,6,2,0,1,6,0,0
4466,3454,5703.75,1,7,4,0,1,1,7
2788,2482,9780.89,3,1,6,5,7,0,0
2683,1877,5306.34,5,4,0,0,5,0,1
3304,2314,5322.76,7,3,4,6,5,0,1
947,3256,9815.73,3,6,0,6,0,0,0
2591,2338,2893.71,2,3,0,4,5,0,0
2988,428,7597.96,6,3,4,1,7,0,0
763,2509,7117.94,6,3,5,1,5,0,1
791,4062,7211.04,5,6,6,2,3,0,0
1772,1116,9575.85,2,3,3,1,4,1,7
2893,970,6273.45,3,2,0,7,4,1,4
3093,3410,3033.43,7,0,3,5,5,0,1
4857,4500,8494.84,3,4,5,7,0,0,1
817,2914,4095.98,0,7,1,3,3,0,1
751,589,2376.78,1,3,3,4,3,0,0
727,4551,2666.13,2,2,1,3,0,0,1
563,3623,2423.96,3,5,1,4,4,1,5
2030,3478,2156.31,4,4,4,0,4,1,7
4037,459,7453.28,1,4,2,0,2,1,4
4974,2525,5873.32,4,7,6,2,2,1,4
2970,3998,7683.13,2,5,4,5,0,0,1
2714,1219,7737.29,4,7,0,4,5,0,0
1231,1643,302.88,5,3,2,4,2,1,4
829,671,5132.01,2,2,5,3,4,1,5
2969,3522,7407.81,0,1,3,3,4,1,4
4794,4384,5538.45,4,1,2,7,3,0,1
1114,1231,5443.86,0,7,0,0,5,0,1
2550,3424,1382.78,7,3,5,5,7,0,0
4605,3515,1700.47,7,6,3,6,3,0,0
2562,4462,5697.78,6,1,2,1,3,0,0
1105,1052,463.26,1,3,5,0,0,0,1
1566,2543,6287.57,5,1,3,1,7,0,0
3014,646,7329.1,4,6,6,4,4,1,3
3182,882,7260.44,3,6,1,5,4,1,6
1476,3540,579.61,4,3,6,3,0,0,0
1230,3223,2057.56,6,5,4,3,7,0,0
194,2174,3540.45,7,3,7,4,1,1,4
1531,3964,2503.71,1,4,6,2,2,1,7
1998,3745,5095.99,0,7,3,7,4,1,2
4989,346,7882.47,3,1,2,4,7,0,1
2822,2491,7335.27,6,6,7,6,0,0,1
768,3309,1628.13,4,0,6,7,3,0,1
498,4249,9818.35,4,2,1,4,3,0,1
2267,3730,7026.71,2,3,2,6,7,0,1
1693,2923,2541.25,6,7,0,6,5,0,0
4171,3291,3538.36,0,7,1,1,4,1,7
1768,1077,857.13,5,1,7,7,3,0,0
3042,3183,4136.44,4,4,4,1,5,0,0
3207,4846,7518.02,6,5,4,7,2,1,2
597,203,3205.31,6,4,0,4,6,0,0
4094,2203,3511.6,2,5,3,7,2,1,6
2603,480,5028.0,6,4,3,5,2,1,5
1816,58,7294.05,2,4,6,2,1,1,5
4173,1435,2795.72,0,0,3,6,5,0,1
3106,1404,3521.03,4,6,0,2,7,0,0
722,2671,3830.61,0,0,0,0,3,0,1
3352,2213,3639.69,0,6,2,6,4,1,5
1430,1180,1014.31,6,0,1,6,5,0,0
2154,1433,3040.98,5,2,1,3,4,1,7
861,2267,8782.39,6,3,3,2,3,0,1
317,4906,5714.37,4,5,3,6,2,1,6
3074,4688,8919.83,1,7,1,1,6,0,1
4896,2126,3643.98,3,5,7,2,4,1,3
1628,3000,9528.4,6,7,5,7,0,0,0
4003,2486,5340.55,0,1,5,7,7,0,1
1810,4328,4964.81,5,6,6,3,1,1,5
4330,3002,2290.82,4,5,3,5,2,1,5
2466,419,4729.28,5,6,4,1,4,1,6
2542,632,9851.1,4,7,2,4,1,1,3
50,4577,8352.59,4,5,3,5,7,0,1
4923,958,5280.45,0,0,2,7,1,1,5
843,1788,1957.32,1,7,0,0,5,0,0
1586,3089,9057.79,3,3,4,4,7,0,0
1128,2810,6847.18,2,1,6,3,0,0,0
3315,3382,507.62,4,2,1,2,6,0,0
99,2784,5491.53,6,7,6,1,6,0,0
111,367,7933.21,4,5,7,4,3,0,0
1439,3006,1048.34,1,7,5,3,6,0,1
853,3960,1803.6,0,0,5,6,1,1,4
2335,1362,7033.6,1,7,6,5,3,0,0
4880,4077,657.88,2,4,5,2,3,0,1
3119,4437,9687.31,3,7,4,6,1,1,7
1864,3832,9212.26,2,1,6,4,7,0,1
851,3416,153.14,1,4,5,0,7,0,0
3301,245,9291.42,3,2,0,7,2,1,4
925,1962,7386.44,6,0,1,1,4,1,4
1959,4318,2384.92,4,3,6,7,3,0,1
103,3218,5830.35,4,0,4,0,6,0,0
3274,2094,4975.03,6,6,5,6,1,1,5
1802,3762,5758.02,4,2,0,4,3,0,1
2469,1550,2467.89,5,4,1,5,0,0,1
799,2530,6383.73,5,3,3,6,7,0,0
2780,2888,560.96,5,3,0,6,4,1,3
3346,1202,8966.12,2,4,4,3,6,0,1
1667,5,9013.65,7,4,3,7,2,1,5
1968,103,141.04,1,5,1,5,1,1,5
2563,4911,5404.41,2,4,2,4,7,0,1
3217,905,4580.9,0,1,3,2,0,0,0
2525,3905,1916.58,6,2,6,1,5,0,1
4718,1074,9511.57,7,1,7,2,1,1,3
1351,180,2020.98,6,0,6,7,0,0,0
450,1467,182.44,4,6,2,7,7,0,1
3349,1496,305.53,5,3,3,5,6,0,1
2435,2851,8177.14,3,0,7,3,4,1,7
2508,3674,4396.14,5,2,0,2,5,0,1
2693,3319,382.63,1,0,3,0,5,0,1
2350,1743,9532.34,0,2,0,5,2,1,5
1503,4272,6116.38,4,0,3,0,6,0,0
4840,4186,3479.86,0,1,6,7,7,0,0
244,1293,7018.18,5,5,4,1,0,0,1
3589,1968,1597.69,6,6,4,0,6,0,1
1308,2162,7038.81,5,2,0,7,7,0,0
1962,3346,3059.24,4,3,4,3,4,1,2
489,2244,8125.43,3,1,7,1,0,0,0
4541,1751,1152.11,6,4,6,2,3,0,1
308,255,8026.0,2,5,3,0,3,0,1
2006,2527,6338.95,3,1,5,7,0,0,1
1305,1175,7291.55,5,7,1,3,0,0,0
3307,1080,2235.84,1,2,0,4,7,0,0
4735,4902,1440.09,7,0,3,5,1,1,6
2879,4704,4454.55,1,7,7,7,5,0,1
3253,4231,2238.92,6,2,0,3,3,0,0
838,1340,3520.41,3,6,0,7,7,0,1
805,3834,4046.03,2,3,2,5,7,0,0
4956,3632,44.43,3,6,7,2,4,1,6
4030,2967,6563.9,1,0,6,2,3,0,1
2964,1323,24.32,6,7,0,1,0,0,1
4269,2035,1124.85,6,4,3,3,6,0,1
2157,1020,2514.81,1,0,4,7,4,1,4
583,3565,1861.53,3,6,6,2,6,0,0
4029,4745,8546.38,2,2,6,1,5,0,0
3610,1707,3728.98,7,6,4,0,5,0,1
4281,1752,8780.73,3,1,6,7,7,0,0
369,2634,684.34,3,7,7,4,3,0,1
4506,4771,7352.18,7,5,0,4,2,1,5
4563,3226,5482.41,4,4,0,4,4,1,7
4410,2775,1698.98,5,1,4,1,3,0,0
1281,723,8355.83,6,6,1,0,2,1,4
4793,4776,5960.92,2,1,4,4,2,1,3
4883,4692,2847.45,3,1,6,1,5,0,1
4121,2728,189.99,0,5,3,0,0,0,1
521,3592,1543.44,1,5,3,3,2,1,2
2785,337,1379.15,1,0,1,5,0,0,0
1659,3442,7972.66,2,7,3,5,5,0,0
2396,1813,3827.62,6,1,5,4,0,0,1
657,2689,5914.57,6,2,2,0,3,0,0
948,4757,820.03,1,3,3,2,1,1,6
3666,1777,2528.45,4,0,7,3,0,0,0
401,3877,3709.92,2,4,2,0,3,0,1
3903,3393,8703.96,6,6,3,3,6,0,1
699,3121,7630.02,6,4,6,2,6,0,0
3468,235,2776.87,3,6,6,2,7,0,1
20,3076,6180.2,6,0,2,0,2,1,7
1345,1946,1385.33,5,5,0,5,7,0,0
2801,2423,6665.29,0,0,6,2,6,0,0
383,3830,2024.18,4,2,6,0,7,0,0
617,3384,9729.95,7,1,7,2,0,0,0
3310,122,5237.35,6,4,3,0,3,0,0
873,483,7573.39,6,5,5,3,5,0,1
4756,2294,7767.55,5,2,0,3,2,1,7
410,619,2207.9,3,1,1,6,6,0,0
3555,590,9374.44,2,5,0,7,1,1,6
1232,3954,6156.54,6,3,3,5,4,1,6
553,2824,9531.21,1,1,2,6,1,1,2
4685,2123,5995.02,5,1,5,1,0,0,1
3851,2260,7263.55,6,0,4,4,6,0,0
259,2452,9265.66,4,5,3,4,1,1,6
3941,4597,6608.95,2,3,0,4,4,1,4
4440,221,7262.11,7,3,2,2,6,0,0
4772,2318,9204.08,0,6,2,5,2,1,6
3213,4023,4740.23,6,7,6,3,0,0,0
4165,4129,1149.72,6,1,0,6,2,1,5
1180,4947,9410.86,2,6,4,7,5,0,1
2259,1793,3667.57,4,5,4,2,2,1,2
1596,4910,5733.76,1,2,0,0,5,0,0
177,608,8575.81,4,3,1,7,5,0,0
4939,2787,7169.15,5,2,5,3,1,1,5
2900,1196,797.77,5,1,5,6,2,1,6
4726,4671,5026.58,3,7,1,0,3,0,0
1,4027,7781.24,4,1,1,0,0,0,0
2670,3576,404.28,6,6,3,3,5,0,1
2857,2780,3101.99,1,0,3,2,7,0,1
654,1388,1777.76,0,4,2,1,4,1,5
3506,660,407.27,1,4,4,1,7,0,0
1334,3805,1498.34,4,5,6,4,4,1,7
859,209,3431.81,7,5,5,4,2,1,7
3979,407,5783.29,5,4,3,0,4,1,7
2191,3616,3934.07,6,5,2,5,2,1,6
279,1429,2500.68,3,1,4,4,5,0,1
4111,737,6087.95,1,3,2,0,0,0,0
2895,1711,8734.92,2,6,2,2,7,0,1
2193,2473,2189.57,2,4,5,4,4,1,6
4215,404,7985.52,6,3,7,0,1,1,2
921,4413,8896.66,6,6,1,6,5,0,0
2108,96,1335.56,6,7,6,3,4,1,6
909,487,4853.61,4,6,4,7,1,1,2
2316,389,1953.35,4,0,1,7,1,1,3
1801,4765,2038.27,5,6,0,1,3,0,1
76,1024,5988.88,7,2,0,7,5,0,1
2457,2778,2518.49,0,1,7,4,4,1,7
3183,1041,2480.04,7,0,2,6,1,1,3
1195,4064,9007.79,5,1,3,2,6,0,1
4976,3614,7454.54,4,0,5,5,4,1,6
1547,3602,7182.13,1,4,4,6,3,0,0
2979,4811,793.9,4,1,3,0,4,1,3
3675,2047,1238.04,5,2,6,6,5,0,0
4465,4761,6264.83,5,5,0,1,4,1,6
4124,563,2013.36,0,3,5,3,0,0,1
2258,2375,1622.35,6,4,1,2,2,1,4
3593,1606,316.29,2,0,4,4,4,1,7
792,2166,1361.66,2,5,0,4,3,0,0
3401,3751,1732.82,5,3,5,2,4,1,5
3041,3020,6326.9,7,7,5,7,1,1,2
4611,3679,5967.8,3,7,6,1,6,0,1
725,4625,8530.97,0,5,2,6,6,0,0
265,811,6758.42,5,6,0,1,1,1,4
1431,258,2222.77,0,1,6,0,2,1,3
3972,1939,674.2,3,4,2,0,0,0,1
2744,3640,7415.23,2,3,4,2,6,0,1
286,4169,9127.17,7,0,7,7,7,0,1
4696,1744,5289.4,3,3,0,5,7,0,1
3438,80,7105.43,3,0,2,4,1,1,7
3836,2150,2599.69,1,4,6,6,0,0,0
1624,1466,6413.07,3,7,6,3,5,0,0
3780,2362,2884.59,3,7,6,6,0,0,0
1456,2490,2472.49,6,7,4,0,5,0,0
1219,3464,2674.5,1,5,2,0,0,0,0
471,2109,6315.34,4,2,1,1,2,1,5
3068,4138,4941.97,1,2,6,7,6,0,1
2677,984,6841.71,2,6,6,3,6,0,1
2173,1895,8192.13,5,1,5,4,1,1,7
2476,3628,7460.64,5,6,0,5,1,1,6
630,436,4994.95,4,6,6,3,2,1,5
2232,2417,2706.27,6,1,3,0,4,1,7
3696,4505,305.23,0,3,3,5,4,1,3
3018,1690,6929.26,4,6,7,6,1,1,5
3541,1621,9190.72,3,1,7,7,1,1,5
1459,1463,3492.43,2,1,7,7,5,0,1
4384,936,115.56,4,3,2,1,1,1,4
3261,3255,4637.33,5,0,4,0,0,0,1
2971,4887,8865.3,7,0,7,5,5,0,1
3144,1245,3927.19,4,1,4,3,1,1,6
3104,2241,4807.1,7,5,1,5,2,1,5
2189,232,8895.17,7,3,6,4,0,0,1
1342,2346,4937.99,2,4,6,0,3,0,0
3407,4637,1638.09,4,2,2,0,4,1,5
4555,382,668.75,1,4,4,0,0,0,0
703,1903,7166.43,1,1,5,7,4,1,2
982,2050,2234.71,6,4,5,7,2,1,3
72,2926,9731.93,1,1,4,4,6,0,1
1453,3344,9511.76,6,0,4,3,4,1,5
1442,2416,2435.87,3,7,2,1,6,0,1
2815,950,1362.66,3,5,2,2,2,1,4
3640,952,7030.37,6,6,1,5,3,0,0
1384,4524,5536.84,4,1,4,1,3,0,0
1085,1705,1641.28,1,1,6,1,4,1,5
1352,908,8770.15,3,5,7,0,5,0,1
2622,1527,9145.95,1,6,6,7,2,1,4
336,1120,1556.56,3,7,4,0,6,0,0
2841,4507,3878.36,1,3,6,6,1,1,3
1781,4479,6329.47,5,3,6,5,7,0,1
2833,2918,433.1,7,1,3,1,2,1,3
3051,2073,552.14,4,4,0,3,7,0,1
4554,3235,9777.02,4,5,1,2,4,1,2
1970,3896,7893.91,6,5,3,4,1,1,7
2556,1792,75.86,2,6,2,7,1,1,5
3559,4912,8439.48,6,2,2,4,2,1,4
2929,4838,5264.31,0,2,5,2,5,0,0
4044,2567,5286.2,6,3,2,2,4,1,6
4689,1239,2913.76,6,1,7,7,6,0,1
4383,336,7292.04,4,6,4,0,7,0,1
801,2903,8559.62,1,2,1,0,1,1,7
580,3197,7332.37,6,5,6,2,7,0,1
1804,3997,8556.94,6,2,5,0,2,1,2
945,2849,6087.07,4,7,7,2,3,0,0
3938,4824,1886.18,7,7,7,1,4,1,2
527,2273,480.92,1,0,7,4,0,0,0
2192,2686,5262.95,2,7,1,7,7,0,0
717,2451,9216.19,1,3,4,6,7,0,0
3100,246,9319.51,3,4,6,2,5,0,0
1553,1091,353.34,6,2,0,5,5,0,0
3936,2616,2530.39,2,2,1,0,7,0,1
2852,1341,9709.49,4,6,3,7,5,0,1
548,3011,9430.69,3,0,7,2,1,1,7
400,2615,6877.28,7,6,2,7,5,0,1
1445,623,5821.67,1,3,0,2,5,0,0
1202,4085,297.42,0,1,6,2,0,0,0
371,1586,7798.62,3,0,5,5,5,0,0
1156,2184,3780.7,0,1,6,6,1,1,5
4686,3273,6810.18,4,2,2,7,1,1,5
4933,1088,2466.81,2,2,5,0,2,1,7
869,28,2048.65,4,2,3,3,2,1,4
695,2026,7310.04,6,3,6,6,7,0,0
1469,4680,3513.9,6,0,1,3,3,0,1
3116,429,2914.43,6,5,4,7,6,0,1
1027,887,5227.07,1,4,4,5,3,0,1
941,2734,8373.73,1,0,6,7,5,0,0
753,1124,2438.14,1,2,2,4,7,0,0
3959,813,897.19,7,7,0,4,5,0,0
2531,3534,4369.49,5,0,6,7,4,1,6
4850,682,6342.69,0,0,7,0,0,0,1
3099,1179,8660.2,3,3,0,3,7,0,1
4251,1914,5521.58,4,2,2,3,3,0,1
47,3469,2569.86,7,0,7,2,5,0,0
4667,3519,6944.49,6,6,1,0,3,0,1
4056,969,3635.8,2,5,1,7,0,0,0
1269,4823,958.83,0,3,4,3,1,1,3
4867,3542,5913.64,0,5,3,5,1,1,4
2851,321,5126.82,0,3,4,3,3,0,1
875,4103,7259.52,1,6,5,7,7,0,0
4249,922,710.16,3,3,7,2,4,1,3
609,3744,4042.84,1,5,3,2,6,0,1
4958,97,8939.96,2,0,6,2,1,1,6
1226,2833,9120.72,4,1,4,1,6,0,1
3539,3973,548.59,1,4,5,0,4,1,4
1017,2177,6865.1,7,3,1,7,2,1,5
1380,571,2943.19,5,0,1,5,7,0,0
1035,1613,782.43,5,5,4,5,0,0,1
1871,2469,5522.25,2,6,6,7,5,0,1
1703,3979,9518.16,7,4,6,5,7,0,1
329,761,7922.59,7,3,6,6,0,0,1
3615,454,7375.09,6,6,2,3,5,0,0
69,4052,7785.06,4,4,0,6,6,0,0
4962,413,6289.76,0,7,7,0,6,0,1
1135,4556,1831.31,6,3,0,4,1,1,3
603,956,6311.23,7,6,5,5,6,0,0
3294,1259,365.87,5,7,5,7,4,1,2
1155,3298,5952.82,6,3,7,1,2,1,7
3783,2171,9623.06,0,4,7,5,6,0,1
338,3924,8356.33,1,6,1,1,2,1,6
714,572,3820.88,5,6,2,0,1,1,2
4810,4791,5756.88,3,4,1,5,7,0,1
512,3656,1044.85,5,5,1,2,0,0,0
4732,550,9946.68,7,6,7,4,3,0,1
4338,1322,1576.74,3,0,7,1,3,0,1
2372,2489,6152.84,7,3,7,7,4,1,4
1761,3671,3739.32,2,6,0,3,1,1,6
2641,1532,73.71,6,4,4,2,2,1,2
3469,2798,1933.29,4,4,7,5,4,1,3
2806,1290,1145.42,0,1,1,5,2,1,5
998,1182,7256.41,3,7,7,4,5,0,1
684,3128,7053.39,4,3,7,4,4,1,2
3167,3609,7380.8,0,0,3,5,1,1,7
361,57,8761.28,4,3,7,3,5,0,0
2824,515,4323.51,4,0,3,6,1,1,4
1545,3612,5639.88,5,5,3,6,5,0,0
4362,9,3767.11,4,7,1,3,6,0,1
3135,2387,2479.02,7,5,6,2,5,0,1
2440,2885,9855.17,3,2,5,1,0,0,1
446,2948,6879.93,5,3,3,6,0,0,0
4132,182,3483.87,6,2,3,7,2,1,2
4320,150,1753.36,0,4,3,7,6,0,0
1450,168,7364.1,1,1,2,7,3,0,0
4318,3741,1940.11,7,6,7,0,0,0,1
1664,417,5324.86,3,5,0,0,4,1,7
2612,2284,1822.07,3,5,1,2,0,0,0
1052,3331,8199.19,4,6,4,4,7,0,0
2138,3375,8598.44,6,7,1,7,5,0,0
4433,3007,9806.31,5,0,5,3,3,0,1
171,307,2687.65,4,1,2,3,4,1,6
4105,4219,9563.15,4,2,4,5,0,0,0
95,4926,3314.08,3,4,3,7,3,0,0
4797,399,1374.3,5,7,7,6,6,0,0
1341,915,6123.02,3,2,2,1,0,0,0
2217,2971,8294.23,2,3,0,0,2,1,7
1492,2779,4266.59,5,1,6,1,7,0,0
4450,4860,4355.54,5,3,3,0,3,0,0
3214,2190,5747.07,6,4,4,0,5,0,1
3684,4299,8464.97,4,0,1,2,0,0,0
944,1201,8236.53,7,1,3,2,2,1,3
239,31,5060.36,4,5,1,0,0,0,1
4765,4715,3873.29,5,3,3,5,3,0,1
2427,4540,2541.03,6,4,0,2,6,0,0
104,2864,1518.62,7,3,1,2,5,0,1
530,4119,56.17,7,3,6,3,4,1,2
691,2007,2384.2,1,4,4,4,0,0,0
2235,1452,1412.02,0,3,4,2,2,1,2
1793,1950,6018.89,1,6,6,0,3,0,0
1813,2312,9856.75,1,0,0,5,7,0,1
2367,966,5873.71,4,2,3,4,3,0,1
930,2904,988.97,1,5,0,5,1,1,5
19,2090,7495.73,7,2,6,3,4,1,5
1578,3113,3719.14,2,2,1,2,0,0,0
1050,3639,9968.18,5,4,7,1,3,0,1
3670,3528,9599.01,7,6,5,2,3,0,0
4452,940,5668.33,3,1,4,4,4,1,4
2511,2536,3998.16,2,4,1,2,3,0,1
4262,4278,548.51,0,6,3,3,5,0,0
416,595,20.28,1,2,5,6,2,1,4
1935,4398,7654.04,6,2,7,3,5,0,1
1375,1680,564.88,6,0,3,6,3,0,1
3999,2553,3749.66,0,2,2,7,6,0,1
3954,3123,3750.45,1,2,6,0,4,1,2
2399,12,6186.97,7,5,2,5,3,0,1
117,4288,7935.25,2,7,5,5,0,0,0
4310,143,4441.47,0,7,2,7,4,1,2
2793,1925,4101.61,4,3,7,2,1,1,4
2,112,3452.94,0,6,0,6,2,1,7
4050,1772,5234.32,3,2,0,1,4,1,5
884,2250,2735.56,1,2,1,2,6,0,1
4305,2548,9058.39,1,1,0,0,2,1,2
1928,3829,2917.16,1,6,1,2,0,0,0
74,2666,7059.82,7,5,2,7,6,0,0
4355,3953,1567.81,3,3,3,0,3,0,1
2580,1332,1741.88,0,1,0,6,4,1,3
2072,977,6801.63,4,5,7,0,7,0,0
4655,907,2164.76,2,0,3,6,2,1,5
1295,4095,783.98,4,1,0,5,3,0,1
555,3094,4612.87,3,3,5,0,4,1,7
125,1817,7026.07,7,5,0,1,2,1,2
4590,2163,1956.74,1,3,5,0,7,0,1
292,2931,5222.67,4,3,2,6,0,0,1
3403,2092,5683.53,5,6,0,0,7,0,1
1636,238,836.49,3,0,0,2,0,0,1
2375,2848,9128.45,4,0,1,1,0,0,0
3131,479,815.77,0,2,1,5,7,0,1
2194,1118,8672.97,1,0,6,2,6,0,1
4026,166,6975.77,1,6,6,5,3,0,1
4103,3054,2715.68,4,4,0,5,4,1,7
48,4932,3693.55,0,6,2,2,2,1,7
759,4629,2728.83,6,5,7,1,3,0,1
3336,512,3217.32,1,5,5,7,2,1,2
4941,1889,7836.39,3,2,5,5,3,0,1
3546,3023,4944.93,5,1,1,0,2,1,6
1651,390,8381.67,3,3,5,5,5,0,0
3032,4749,213.57,0,0,5,3,5,0,0
4578,3518,8716.43,1,6,2,3,3,0,1
1490,1110,3412.1,6,5,0,6,3,0,0
4349,3962,8469.53,5,3,0,4,1,1,2
2644,4646,7197.68,3,4,6,4,5,0,1
441,769,5172.52,6,5,5,7,2,1,6
3415,1150,9480.22,0,3,1,1,5,0,1
940,2613,2392.89,0,1,2,7,5,0,0
3616,1288,1871.23,2,0,7,5,2,1,7
4276,1071,6089.73,5,5,4,0,1,1,5
3200,2561,7645.23,3,1,4,3,2,1,3
2907,3596,7435.35,5,0,4,5,7,0,1
599,2954,4568.32,7,4,2,4,4,1,3
424,3665,3517.25,4,2,7,1,5,0,1
3318,275,300.29,2,7,7,7,4,1,7
1322,4305,3068.53,7,2,1,7,5,0,0
3859,4114,6867.24,4,3,4,2,6,0,0
163,4948,1123.98,7,0,7,4,6,0,0
1608,1767,5290.79,4,0,6,7,6,0,1
740,4140,8067.4,3,3,4,5,0,0,1
4451,3326,6026.06,4,6,1,2,5,0,0
4757,947,2830.4,4,5,1,3,2,1,6
2018,1509,1454.16,2,7,4,5,5,0,0
2733,583,6851.39,3,6,6,0,3,0,0
700,3728,3187.13,2,2,5,3,1,1,4
4959,1248,4220.44,3,2,7,5,2,1,7
3117,4638,5930.23,7,1,7,5,7,0,1
719,1197,5147.21,6,1,6,0,4,1,7
2323,2786,526.51,3,2,5,0,0,0,0
2903,4756,2057.08,5,3,3,1,2,1,4
4907,3322,3504.59,7,7,6,1,2,1,6
1684,2894,4277.68,3,1,3,7,7,0,0
4647,2555,4925.9,3,2,2,3,6,0,1
3531,3196,6290.41,5,6,4,0,6,0,0
230,2356,812.57,7,3,2,2,2,1,5
4491,974,6749.2,4,1,3,2,0,0,0
1855,425,9034.93,5,2,2,3,1,1,3
2011,2694,1110.66,6,5,5,7,0,0,0
1967,4021,8440.15,1,5,6,4,2,1,7
2757,2702,2058.76,1,3,3,7,4,1,5
4089,2549,1910.3,0,3,0,7,2,1,3
3449,3376,5006.69,5,7,1,4,6,0,1
3245,33,1709.78,1,2,4,6,0,0,0
481,584,6984.59,7,7,7,2,2,1,6
2352,3282,8320.8,7,2,3,4,6,0,1
3577,3577,4741.46,5,6,3,5,1,1,4
4511,69,6224.62,1,7,4,2,6,0,1
2327,4261,9055.01,7,1,0,1,3,0,0
3224,559,7027.92,6,0,2,2,7,0,0
2669,1786,2396.21,4,1,4,0,0,0,1
4257,441,3810.84,3,2,4,1,1,1,3
4954,4082,6537.41,3,3,3,4,7,0,1
2520,1087,9127.05,0,5,7,2,6,0,0
3715,308,5435.4,7,1,6,7,1,1,3
2100,1430,8505.08,3,1,7,6,6,0,1
1119,3851,9483.2,7,7,1,2,2,1,7
4837,4635,7010.36,0,7,0,4,6,0,0
822,626,4477.7,3,6,2,0,1,1,7
3896,4621,7327.32,7,0,4,0,0,0,1
3454,4873,1673.52,2,2,3,4,7,0,1
2886,3013,527.49,2,0,3,3,2,1,3
4565,3498,2348.45,3,7,3,4,7,0,0
4221,1724,890.92,4,5,4,0,3,0,0
4192,551,8117.41,3,4,2,7,6,0,0
1064,2136,8484.46,3,7,1,2,2,1,3
3285,2064,1310.92,2,7,2,1,1,1,5
4866,3177,8784.99,3,7,2,1,2,1,3
4287,4611,5305.63,5,3,5,1,1,1,3
364,1324,3497.7,2,5,6,5,1,1,2
547,4440,5188.12,7,0,0,6,0,0,1
3155,1301,7420.08,2,0,1,5,7,0,1
1157,2889,7330.53,7,5,6,4,1,1,7
3109,4208,7838.24,6,1,7,1,7,0,1
4569,2814,1574.25,4,5,7,1,5,0,0
4418,65,5399.76,3,3,6,4,5,0,1
4442,1579,8783.03,7,7,6,7,4,1,2
4638,51,3360.39,7,3,7,1,6,0,0
3632,3597,327.7,2,7,3,6,1,1,6
4160,2551,7975.27,3,2,3,3,3,0,0
4813,3395,6370.18,0,5,0,0,5,0,1
980,3886,6180.89,3,3,3,6,7,0,0
158,4467,3877.44,3,4,2,1,7,0,1
2131,1967,4715.58,2,2,1,3,5,0,0
878,867,3126.27,1,7,3,7,4,1,2
1200,3691,2848.79,4,2,6,0,3,0,0
1059,1204,7854.31,1,7,3,3,1,1,6
2548,3280,6838.13,2,2,0,5,5,0,0
1186,1689,6619.43,7,2,1,1,1,1,4
1075,3508,5852.35,2,1,3,1,1,1,7
1325,1501,6859.93,2,7,3,5,0,0,0
2768,2646,5790.2,2,0,1,3,5,0,0
2438,4421,9863.43,0,1,2,1,2,1,6
176,4546,7380.28,5,1,0,4,7,0,1
2305,3748,1224.97,1,4,3,5,1,1,7
2253,3310,4171.81,5,1,3,7,5,0,0
4628,2436,7246.58,0,7,0,5,5,0,0
2089,4848,8047.29,6,0,0,4,6,0,1
297,4724,2966.49,6,3,6,0,2,1,7
2093,2081,9427.05,0,5,0,0,4,1,7
2953,2419,876.87,5,6,2,6,7,0,1
2570,1647,4713.88,1,4,4,0,5,0,1
3602,2925,6112.28,0,2,2,5,7,0,0
2783,3429,3318.35,2,6,6,4,0,0,0
3290,3916,5309.76,4,1,7,3,7,0,1
70,1096,2676.65,4,2,3,4,2,1,4
672,1025,8855.27,2,7,7,2,5,0,1
3489,1588,1922.54,6,0,5,0,2,1,2
3629,1555,4367.71,3,6,3,5,5,0,0
3785,3091,2910.3,2,2,1,6,5,0,0
4769,4406,2933.57,2,3,7,0,3,0,1
2401,67,4397.28,6,6,2,6,1,1,2
4380,4333,8007.09,1,1,6,5,4,1,2
3904,3543,8558.73,0,3,7,4,4,1,5
2789,251,3461.29,7,4,1,5,1,1,3
3566,1126,3990.89,1,7,0,0,0,0,1
358,3400,1266.93,6,2,3,3,6,0,0
3418,4089,7697.75,1,3,1,7,2,1,5
936,3844,3132.46,5,2,2,7,2,1,4
4502,2809,5935.99,4,4,6,3,4,1,4
1828,1940,3070.44,1,4,2,5,3,0,0
376,4476,4139.61,3,0,4,0,5,0,0
321,3774,2299.56,5,5,6,4,6,0,1
3733,464,8252.66,4,3,6,5,3,0,1
872,4636,8069.75,7,6,2,6,4,1,4
1877,3033,9272.02,5,4,3,4,5,0,1
3399,521,2668.82,6,6,1,6,4,1,4
4517,3531,7488.53,7,7,7,1,6,0,1
226,1225,8909.24,2,4,2,7,2,1,3
1944,2972,9534.33,3,2,5,7,5,0,0
2177,3145,5996.4,6,2,1,4,0,0,0
628,2194,6770.91,0,3,7,3,4,1,7
196,358,6600.43,2,3,6,3,0,0,0
3568,3521,7496.7,0,0,0,3,5,0,0
1825,8,1027.36,2,6,0,2,4,1,2
3608,3931,7731.63,2,1,5,0,1,1,2
1165,2229,8662.28,3,5,7,6,0,0,0
3822,3234,4051.12,7,0,0,7,0,0,0
4453,787,5896.44,7,4,4,3,2,1,3
495,265,4862.56,7,5,6,6,6,0,1
3679,4759,2248.59,5,5,0,1,1,1,7
451,741,30.09,5,7,4,1,1,1,2
1645,776,7939.64,1,2,4,1,2,1,3
75,4920,5468.22,4,3,7,0,3,0,1
2357,2996,2062.18,3,2,2,4,0,0,0
1311,3606,6489.15,2,5,3,1,3,0,0
3595,3526,4005.09,6,2,0,5,1,1,6
185,2498,9906.84,6,2,1,0,2,1,3
1025,577,2375.65,0,1,7,4,1,1,7
1053,889,8008.77,6,5,2,1,5,0,0
880,3241,8315.02,2,2,7,0,4,1,5
1657,2989,7319.88,5,2,7,1,5,0,0
3623,3653,9111.39,0,1,3,6,7,0,0
2687,786,8350.4,1,5,2,2,2,1,4
1347,3098,5376.66,6,5,7,0,2,1,6
4412,1880,5957.43,7,5,6,5,7,0,1
1301,2984,8742.96,7,1,5,0,3,0,0
1883,4381,1739.11,1,6,7,4,0,0,1
2663,1307,5779.57,7,0,7,6,3,0,1
908,1360,5909.45,4,2,4,1,3,0,1
1763,4005,2914.11,2,7,7,0,5,0,1
94,4607,9114.72,7,0,6,2,0,0,1
4340,3220,5700.6,4,5,6,4,6,0,1
303,1171,1356.99,6,3,5,5,2,1,3
4872,201,5522.58,4,0,0,7,3,0,0
2529,1330,9716.01,1,6,1,6,1,1,6
918,779,4906.12,7,0,5,2,0,0,1
567,1566,5371.82,0,1,2,0,3,0,0
4865,2633,3823.98,3,4,5,6,4,1,2
4504,309,9500.26,1,6,2,2,7,0,1
4878,4810,1240.32,3,4,6,3,3,0,0
1324,3450,5681.93,4,5,3,6,4,1,4
22,909,5391.61,3,7,3,0,0,0,1
687,4930,8602.87,1,5,1,4,2,1,2
3495,4550,6633.66,4,0,4,4,3,0,1
4529,437,6690.47,7,5,5,3,0,0,0
4571,82,8181.77,2,3,4,6,2,1,4
3611,173,7122.0,5,6,3,1,1,1,7
2404,1698,1748.93,6,5,5,5,2,1,3
225,2597,6937.57,3,2,0,7,5,0,1
2488,3294,440.38,6,4,1,0,1,1,5
1648,4037,6976.9,1,5,1,0,6,0,0
4733,1,3271.05,4,0,3,6,5,0,0
1700,4656,9676.95,7,2,3,1,7,0,1
793,2128,6195.41,2,0,1,1,6,0,0
2112,2101,508.0,6,0,6,5,3,0,1
130,220,2028.68,6,1,4,3,1,1,3
2803,3932,6327.36,3,1,2,3,6,0,1
1983,4083,1694.67,4,2,3,6,7,0,0
1175,1796,8617.75,6,5,3,5,6,0,0
2725,2135,7053.22,7,0,7,6,5,0,1
882,2951,4402.89,7,6,2,1,7,0,0
858,3167,695.52,7,4,1,7,7,0,1
2861,4855,1240.98,0,5,5,4,0,0,1
4547,256,2535.77,7,5,0,3,0,0,0
3370,1765,7592.96,4,0,2,2,7,0,0
278,370,3572.16,5,4,7,5,3,0,0
3059,1123,7525.92,0,1,2,4,2,1,6
2090,1632,9787.69,6,1,5,4,7,0,0
4472,4294,5141.61,2,3,7,0,3,0,0
1100,2672,7674.49,6,6,1,7,2,1,7
3350,1137,6164.72,6,4,6,2,0,0,1
1675,3304,6757.13,2,5,1,5,7,0,1
3360,274,7849.48,7,7,7,3,1,1,5
2234,816,41.21,2,7,6,6,3,0,1
4890,439,3050.06,1,0,3,6,5,0,1
4507,3396,3885.43,5,4,3,2,6,0,0
4856,3822,9417.86,5,1,3,2,3,0,0
1041,362,8011.37,5,0,4,7,1,1,4
2993,1237,289.91,3,6,7,3,7,0,0
4963,3290,960.14,2,3,4,3,2,1,3
1137,3814,1759.03,2,5,6,7,5,0,0
250,3194,7714.86,3,1,7,3,1,1,4
3443,2420,7856.82,4,5,4,5,6,0,0
3179,4172,1578.21,7,5,2,1,4,1,2
2230,3357,4348.62,3,0,7,2,6,0,1
4100,1348,6623.48,2,2,1,5,3,0,1
4932,3216,6027.6,1,3,1,0,0,0,1
4046,906,6699.28,2,6,1,7,2,1,4
4626,1414,8228.34,4,6,2,7,6,0,0
2961,1773,9871.01,0,2,3,2,3,0,0
1029,2750,8184.49,2,1,4,5,1,1,5
2038,2518,5310.98,3,0,5,1,5,0,0
4478,2804,2543.67,4,0,6,2,1,1,4
754,845,7158.4,1,7,5,3,3,0,1
4903,4102,1317.0,1,6,3,3,4,1,4
1223,892,4408.5,7,1,7,4,7,0,1
4013,3405,5100.92,7,6,1,7,2,1,4
1942,4543,3784.22,2,7,1,1,5,0,0
3742,3541,2198.6,7,5,0,5,6,0,0
4080,992,2720.52,0,4,4,1,2,1,6
100,2254,3419.93,6,2,2,6,7,0,0
3516,431,7951.79,6,1,1,0,4,1,2
3750,3841,9005.11,1,0,4,5,7,0,1
1263,2282,3703.86,7,5,1,2,2,1,6
2207,4907,7489.64,5,3,6,6,5,0,0
737,2558,511.66,5,1,2,2,1,1,4
298,2960,7698.34,7,0,1,1,3,0,7
2817,4019,591.4,5,0,2,7,5,0,1
1823,124,3319.77,0,4,5,1,7,0,1
1544,2612,9361.51,5,4,4,6,2,1,2
3342,4365,3898.74,2,7,0,5,3,0,1
1533,2975,3367.85,2,2,7,1,6,0,0
4182,516,114.17,4,0,6,1,1,1,3
2034,823,9973.6,4,5,6,4,7,0,0
1753,434,6942.45,2,0,7,5,7,0,1
1116,1121,2306.39,6,0,0,1,0,0,1
474,4277,5841.56,2,7,7,2,6,0,1
3395,4323,7558.22,7,3,3,6,4,1,5
4660,2020,3691.61,5,7,6,6,3,0,1
924,2575,6365.09,3,0,3,2,5,0,0
581,669,555.22,2,6,4,3,7,0,0
1313,4084,712.6,7,2,5,4,0,0,1
2661,2107,9480.13,3,1,7,3,6,0,1
3918,1515,3730.39,2,7,1,0,3,0,1
2959,3645,5809.69,6,2,6,3,6,0,0
237,2409,1663.96,6,1,4,0,0,0,0
3188,2966,298.2,5,0,2,7,6,0,1
913,4913,8155.93,1,7,6,3,5,0,0
3747,4623,2981.17,5,4,5,1,4,1,6
3604,3108,5449.7,1,1,2,6,4,1,3
316,38,1125.15,5,2,2,0,5,0,0
1993,4343,5702.59,1,7,0,1,3,0,1
3749,3461,1339.68,4,0,0,6,4,1,2
3263,3944,4819.5,4,5,3,0,0,0,0
2811,2152,1610.93,1,0,7,2,2,1,7
1434,1947,1639.77,1,2,0,6,4,1,5
4544,2935,9937.21,0,7,2,1,4,1,4
2037,3467,6352.79,2,6,3,1,2,1,2
4615,859,2896.49,2,7,7,5,4,1,6
4945,2976,1804.63,4,0,7,4,3,0,1
1363,4533,1834.83,1,5,5,0,3,0,1
2344,1267,8032.16,7,1,0,5,2,1,2
3773,2412,9698.0,2,1,4,6,1,1,4
4795,581,2284.87,0,5,4,3,0,0,0
2182,1095,6970.85,3,3,1,4,3,0,0
2387,1389,1470.8,5,0,1,2,7,0,1
3392,575,1115.1,0,7,3,2,5,0,0
1507,4099,6154.0,3,4,6,4,1,1,6
1798,3726,5652.04,6,3,0,1,7,0,1
2008,1560,7290.32,5,1,2,5,4,1,4
4806,1556,5279.0,1,3,2,5,4,1,3
1510,2611,7620.83,1,4,4,6,5,0,1
1920,4054,7009.24,5,3,6,6,6,0,1
4010,4147,3815.06,6,0,0,1,6,0,1
1881,1468,6218.08,7,4,3,7,6,0,1
3683,355,9313.74,5,6,2,7,3,0,0
1457,3713,6129.29,2,6,4,7,3,0,0
4802,1336,3375.91,4,2,0,2,1,1,5
1329,217,7495.86,5,4,2,3,0,0,1
3107,3237,7608.87,2,3,1,1,2,1,3
2443,4463,73.87,6,0,7,7,2,1,2
2134,1061,7362.58,3,7,7,0,2,1,6
2142,1313,1704.16,6,5,4,5,4,1,7
4232,736,763.58,6,5,2,3,4,1,5
1663,4805,7641.92,7,7,2,2,7,0,1
721,1155,8719.64,1,6,4,6,6,0,1
3686,151,7653.36,7,6,5,5,1,1,5
3283,812,9349.0,2,6,2,0,0,0,0
1863,805,8111.2,6,5,1,1,0,0,1
3861,1432,7673.86,6,7,4,3,1,1,6
4574,1481,3963.07,0,0,2,1,6,0,1
1739,3862,3843.43,0,4,1,1,5,0,0
2105,508,3492.19,6,6,0,2,4,1,7
2918,3359,6624.61,5,6,1,7,3,0,1
2309,4011,2764.97,3,6,2,0,1,1,2
956,3638,7572.76,3,6,6,2,0,0,1
3685,2449,7669.43,7,4,6,6,0,0,1
3727,1847,1383.56,0,1,0,4,0,0,1
57,2863,9338.77,1,2,7,1,4,1,2
3097,4340,805.57,5,0,4,0,0,0,1
833,3586,517.82,7,5,0,7,6,0,1
1769,1244,2317.28,5,5,4,5,3,0,1
4637,2427,2764.94,0,1,2,6,0,0,0
4163,2215,3152.06,4,3,7,6,1,1,4
3600,2995,1782.69,5,5,6,1,5,0,1
4572,1783,5534.84,3,0,4,4,5,0,0
311,4289,4324.39,2,4,4,2,6,0,0
733,426,8679.25,5,2,2,0,3,0,1
2589,3231,5070.63,2,0,5,3,7,0,1
1047,4209,6736.83,3,6,4,7,5,0,0
1678,2660,6689.39,5,2,0,3,5,0,0
4820,2755,7213.29,4,2,5,6,0,0,0
1478,1958,1476.73,0,2,0,3,7,0,0
313,1844,5103.68,7,6,1,7,5,0,1
3847,1328,1363.75,3,1,6,0,3,0,0
2324,4842,892.9,4,1,2,1,6,0,1
804,3338,9159.42,1,5,5,7,7,0,1
2854,4428,1753.81,6,5,3,2,2,1,7
2924,951,5625.02,1,0,0,7,5,0,1
3038,141,7074.53,7,3,3,3,0,0,0
263,1359,2319.44,6,6,2,4,2,1,7
1605,2494,5304.95,4,6,0,5,3,0,0
2296,869,513.67,7,4,3,6,3,0,0
2377,1008,7510.8,1,7,0,1,2,1,2
187,3187,1765.97,2,4,0,2,1,1,3
2200,561,9232.47,5,2,1,3,0,0,0
3804,1596,4819.65,6,0,1,4,6,0,1
414,4592,5883.99,4,4,4,7,1,1,5
3012,3693,6552.93,7,2,4,7,6,0,0
3327,1769,6080.39,6,5,0,5,1,1,7
2696,3996,496.96,6,6,7,3,5,0,0
568,4417,8616.37,3,3,0,4,7,0,0
3985,4879,456.81,6,3,1,2,6,0,0
3299,4627,938.85,3,3,6,6,7,0,1
4490,4572,1037.12,4,3,7,0,5,0,0
3682,1995,8335.02,6,2,3,4,7,0,1
716,2447,4092.51,4,5,3,4,4,1,7
2658,1062,9651.87,3,2,0,6,3,0,0
958,1615,2321.86,3,6,2,4,1,1,5
2704,4419,4181.45,0,7,4,4,3,0,1
1440,2501,8853.97,0,2,7,5,1,1,2
1040,3446,3813.78,7,0,1,5,3,0,0
119,2062,5372.75,4,2,4,4,6,0,1
1889,334,9946.35,6,1,7,4,3,0,0
531,1031,396.25,4,3,6,4,3,0,1
1039,3180,7816.63,5,3,5,6,4,1,7
388,1994,3487.79,4,3,6,0,0,0,0
2254,4224,1334.54,1,5,4,7,2,1,3
4479,1258,8524.57,4,3,3,7,3,0,1
4527,4388,277.87,1,7,3,2,6,0,0
2554,4950,8524.52,7,5,5,0,7,0,1
2062,1784,9116.96,7,7,2,2,2,1,6
4617,4218,5830.19,3,4,1,1,1,1,6
1767,4667,7281.74,0,0,4,1,5,0,1
2222,3913,9710.95,7,4,2,2,6,0,1
1079,597,5840.17,3,7,4,2,2,1,4
1103,3696,4569.29,4,7,5,6,3,0,1
3977,3458,248.81,0,3,4,2,1,1,7
501,1562,1782.35,1,0,5,3,1,1,4
3579,4959,3295.77,2,1,2,0,3,0,0
3942,3798,6401.47,4,0,2,6,4,1,6
809,4894,5342.78,7,4,1,3,3,0,1
232,2642,1284.75,0,1,4,7,3,0,1
482,68,6508.33,2,5,1,7,1,1,3
326,3493,706.84,5,1,4,5,6,0,1
2339,4717,6178.35,7,0,3,1,6,0,0
2373,3948,6438.92,1,5,4,1,2,1,2
668,49,2440.38,0,0,1,7,1,1,5
1307,781,694.38,0,2,3,5,7,0,1
4876,1860,6640.5,4,6,0,7,6,0,1
1479,2735,897.63,7,0,4,5,4,1,4
1665,2188,7901.87,2,6,7,7,2,1,5
357,4455,9212.94,6,6,2,7,0,0,1
2939,4984,5966.12,7,4,7,4,5,0,0
4553,3590,976.14,3,6,5,0,7,0,0
889,2977,4129.22,5,1,1,1,5,0,0
4461,3978,1158.38,3,3,6,6,6,0,1
1216,2031,8070.61,6,4,7,5,2,1,3
3793,1529,437.98,6,1,0,4,1,1,3
903,3566,8771.54,5,3,1,6,5,0,0
1529,1272,3927.34,6,2,0,3,1,1,7
3776,4982,1716.12,4,1,1,3,0,0,0
1362,485,3432.25,5,0,4,6,4,1,5
2364,3210,343.47,1,0,4,3,4,1,6
4949,2650,4613.52,7,0,0,6,2,1,4
66,174,270.41,2,6,6,4,4,1,2
1915,3793,6346.53,1,7,5,3,4,1,7
3191,3378,4265.47,5,2,0,4,4,1,5
2281,1697,3352.43,7,1,2,5,0,0,1
1702,32,6505.19,6,4,0,5,2,1,3
1517,4809,7765.34,0,6,5,3,4,1,2
2380,1820,268.75,2,5,1,3,7,0,1
927,2476,2014.73,3,3,5,4,5,0,0
4038,4459,2091.34,4,7,5,0,4,1,2
3064,3473,2285.33,5,1,4,6,6,0,0
2225,641,5734.2,0,0,6,6,7,0,0
529,277,8884.34,6,1,2,4,7,0,1
3256,2830,2222.3,2,6,5,1,3,0,0
3323,2335,7151.28,1,0,7,1,4,1,5
2621,1766,4526.24,6,0,0,6,6,0,1
3664,4961,8057.68,5,7,0,2,0,0,1
2127,2992,3548.86,6,0,2,4,6,0,1
1722,2853,8214.33,2,3,2,1,7,0,1
1191,881,9261.17,5,7,0,5,5,0,1
734,4012,4623.8,2,2,5,7,2,1,2
2301,4812,6579.59,0,5,0,5,7,0,1
594,4215,6486.28,0,7,2,4,7,0,1
1978,2729,4040.27,3,7,2,0,5,0,1
1097,1770,8912.26,1,3,2,3,6,0,0
3988,240,8206.79,6,7,0,6,2,1,3
955,1295,5864.16,0,3,2,2,2,1,4
4444,3991,6717.2,2,0,6,5,3,0,0
1130,372,1446.76,6,0,0,5,7,0,0
820,2791,6479.56,7,3,6,6,4,1,4
479,1639,6083.12,1,6,5,0,4,1,3
2909,373,3945.67,7,1,0,3,3,0,1
3440,3863,1797.5,0,3,6,3,0,0,0
2650,4380,8822.03,7,1,7,5,2,1,5
3704,4871,2207.32,7,0,4,1,2,1,2
455,2088,8483.81,6,0,1,4,4,1,2
3035,2179,3982.87,4,3,1,1,3,0,0
2914,1482,128.21,6,4,2,2,7,0,1
324,316,4247.27,7,6,3,3,5,0,1
3658,3868,697.67,5,0,1,2,3,0,1
1963,2023,1038.09,6,4,3,1,4,1,6
2168,4862,2137.28,4,7,2,7,5,0,1
2114,1704,1366.02,1,2,0,1,6,0,1
1956,3010,5989.49,7,6,0,3,4,1,5
3095,696,4872.93,2,2,0,4,7,0,1
1691,3513,56.36,0,7,3,3,0,0,1
2307,2006,8487.28,1,4,3,4,1,1,4
2846,1093,7964.86,1,7,5,0,5,0,1
3080,2268,9381.41,4,1,1,3,0,0,0
156,3958,3997.82,6,1,4,5,6,0,0
3767,4573,1916.1,4,3,6,7,0,0,1
676,1086,6824.58,5,2,7,4,6,0,0
84,4198,9901.6,2,4,4,3,5,0,1
270,3491,6571.02,5,5,6,3,5,0,0
310,2327,9834.79,1,6,4,6,7,0,0
3192,955,2962.48,0,2,6,2,2,1,6
2239,2564,2562.47,3,6,0,1,2,1,2
545,890,2962.72,6,1,5,6,4,1,4
2905,1200,8564.81,1,1,1,5,5,0,0
766,1250,622.6,0,2,2,0,1,1,5
468,3372,5522.37,1,6,5,0,2,1,2
2497,4190,2566.98,5,3,3,4,3,0,1
4811,898,3409.37,0,5,1,6,3,0,1
4266,1358,6890.42,3,5,7,7,7,0,0
4596,1063,9157.01,2,6,0,5,4,1,4
3863,498,8569.99,0,0,0,0,3,0,0
2662,3441,3633.92,5,3,1,0,6,0,0
1961,3228,6682.14,7,2,4,3,4,1,7
2530,268,656.39,5,7,7,2,3,0,0
3130,837,1604.83,0,7,6,6,3,0,1
10,3825,8770.44,1,3,2,4,1,1,4
1902,4976,8535.49,0,2,6,0,0,0,1
2844,2644,7445.61,2,6,0,4,6,0,1
3086,874,4687.88,4,1,6,6,3,0,1
3000,59,6916.55,1,1,1,2,3,0,1
1708,2985,3879.77,4,7,2,7,4,1,4
4382,4874,7501.27,3,4,2,2,5,0,0
3282,374,5252.05,1,7,1,4,4,1,7
2746,1948,6984.7,3,6,1,6,1,1,7
646,2316,8246.56,1,5,6,5,2,1,2
4141,3438,9704.47,6,2,1,5,5,0,1
588,1607,9520.16,1,7,2,1,1,1,7
4952,2024,3592.65,4,4,0,4,6,0,0
800,3081,360.36,2,5,0,0,4,1,5
4844,1192,6207.17,2,7,2,7,4,1,6
785,2437,3962.05,7,4,4,2,2,1,5
1688,4184,6989.12,1,2,3,4,7,0,0
3870,1721,9035.4,1,2,4,2,0,0,0
3317,1286,5763.35,2,6,2,1,1,1,4
4776,312,8359.97,5,2,2,3,7,0,0
3212,219,6824.01,7,4,7,6,0,0,1
984,968,2412.97,1,1,4,5,1,1,5
3039,1166,8669.17,0,5,6,1,0,0,0
1489,1787,3316.47,1,7,7,1,0,0,1
3124,1645,7513.22,7,1,1,4,1,1,5
3884,4677,667.02,4,1,3,1,0,0,1
4853,713,3805.3,1,0,5,0,2,1,4
3340,4790,7269.73,4,0,2,1,6,0,0
4284,4489,4449.43,5,3,4,4,0,0,1
4489,1448,1342.55,5,7,0,7,5,0,0
1043,391,1785.23,6,3,6,2,0,0,0
3770,2,1276.29,5,6,1,2,2,1,2
2431,493,9971.79,5,2,6,0,4,1,3
810,1701,8707.3,7,3,5,7,0,0,0
191,758,6273.48,5,3,3,6,0,0,1
1150,2523,1347.39,7,6,2,7,6,0,0
387,4662,816.43,4,1,3,5,7,0,0
922,1833,7451.81,0,1,6,0,1,1,5
4536,500,1764.68,1,6,4,4,7,0,0
3464,4830,3340.86,6,0,4,3,4,1,5
3609,3413,8815.9,5,3,2,3,5,0,1
1854,4152,8806.5,3,6,1,1,2,1,4
3357,93,7040.5,7,1,7,1,2,1,4
3617,4461,9869.36,6,3,5,3,1,1,5
1728,2515,5140.78,5,5,3,5,7,0,0
3226,2708,4323.5,7,5,0,4,6,0,1
2581,2269,9944.88,7,1,1,1,2,1,3
4324,1211,4505.04,1,2,4,3,2,1,2
2308,4547,6923.83,1,4,0,0,7,0,1
1831,1561,6166.37,1,1,5,2,7,0,1
4818,1241,6007.38,3,6,0,3,4,1,6
3509,231,6452.03,1,2,1,4,4,1,7
4635,3945,7746.94,5,2,7,5,1,1,3
4425,4427,710.28,3,7,5,3,0,0,0
1242,259,5346.85,1,4,0,0,5,0,0
2251,1469,9854.35,6,4,6,4,3,0,0
1995,4519,8347.41,1,4,7,5,3,0,1
3738,3227,4727.25,0,1,4,0,5,0,1
1104,192,6618.58,6,2,2,2,4,1,5
4714,3258,5527.71,1,7,6,3,0,0,1
3984,4944,6820.17,4,5,5,4,2,1,4
2600,4214,1310.84,4,2,4,5,6,0,0
4017,155,4390.3,4,4,7,1,2,1,2
3372,2700,4073.34,3,1,4,4,7,0,1
4154,3778,7230.97,1,5,4,3,6,0,0
1554,3951,8615.46,7,7,5,2,5,0,1
1809,4013,372.37,2,5,2,0,5,0,0
2388,290,9774.58,2,6,5,1,4,1,3
3661,2221,6015.61,4,1,6,1,3,0,1
2186,344,5942.82,2,3,5,1,0,0,1
1287,261,9828.56,5,7,2,2,0,0,0
1840,514,4524.66,7,1,2,3,6,0,0
3598,4211,4741.28,6,1,4,6,2,1,3
1300,2856,176.23,1,3,2,6,4,1,2
3818,4217,1151.31,7,0,2,2,5,0,0
4116,1419,5199.28,7,0,6,2,1,1,6
3823,3129,948.26,7,7,5,5,7,0,0
4053,3756,761.34,5,3,6,7,1,1,2
2095,3815,1854.43,4,0,4,2,3,0,0
2826,4181,4054.27,3,6,1,7,5,0,1
1862,2859,2581.92,0,7,3,6,0,0,0
4162,3835,6711.26,0,6,1,6,2,1,7
4198,4817,1626.34,3,1,0,3,5,0,0
3563,1489,8970.38,7,4,3,3,1,1,7
2011,325,6058.59,5,1,1,5,3,0,1
2991,4819,6090.64,0,1,2,0,0,0,1
899,4256,4133.04,4,7,4,2,4,1,6
1372,3803,165.66,7,3,0,5,6,0,0
3195,3610,4034.93,1,5,1,3,4,1,3
2678,1354,1975.36,3,5,2,3,7,0,0
3235,4363,461.13,3,5,5,4,3,0,0
1419,4777,7306.39,5,5,7,5,2,1,7
208,3443,818.6,0,1,0,1,5,0,0
556,720,6546.95,0,1,7,7,5,0,0
2897,993,7650.97,4,3,7,3,6,0,1
2927,1230,1047.87,1,3,6,1,7,0,0
362,556,9463.71,1,2,6,1,4,1,2
1716,3061,3369.9,6,4,7,2,2,1,2
2326,4322,3159.9,3,6,4,5,7,0,1
1094,1799,8890.84,2,0,1,1,4,1,5
1622,4133,2285.16,3,1,5,7,4,1,5
4700,2952,3114.81,5,7,3,5,5,0,0
606,2360,6497.68,6,6,2,7,6,0,0
1666,1125,99.94,7,1,0,4,6,0,1
3758,2100,2429.39,3,5,3,7,3,0,0
665,199,3619.78,3,2,5,2,6,0,1
295,1480,2314.18,1,0,3,0,1,1,7
1211,3807,8593.08,4,6,3,1,7,0,0
4753,1748,1592.69,2,2,6,7,6,0,0
1265,3621,6988.82,7,0,0,7,4,1,7
2735,964,1909.96,6,3,7,5,6,0,1
4809,1130,7528.83,5,3,1,1,7,0,1
448,4669,4750.72,7,1,7,0,1,1,3
1859,2431,1010.24,3,7,5,4,5,0,1
33,3191,7485.27,0,4,1,1,4,1,6
3810,2512,5894.49,5,0,6,4,6,0,0
604,1408,7775.12,4,0,7,6,6,0,1
4712,1667,4462.47,6,4,5,5,7,0,0
3808,1185,2524.01,0,5,1,0,5,0,0
430,893,448.93,6,0,3,2,1,1,4
4413,3101,42.9,3,2,4,0,4,1,3
2073,1223,5119.52,4,3,1,6,7,0,0
3353,4539,1375.53,1,0,4,5,4,1,2
1422,3527,9533.69,2,7,2,7,7,0,1
1488,2058,1422.18,6,3,3,1,3,0,1
1762,3532,8039.81,2,1,4,0,5,0,0
4505,2869,8202.44,4,6,1,5,3,0,0
1482,3039,7500.18,0,2,7,0,2,1,3
4319,2970,923.34,1,7,2,2,1,1,2
3987,566,3144.53,6,5,1,7,1,1,2
4470,1021,2356.93,6,1,3,6,1,1,7
3842,347,3677.16,0,5,0,3,5,0,0
4289,2946,4398.77,2,0,4,6,3,0,0
116,2676,2616.31,4,3,6,0,1,1,4
3734,4770,6944.13,6,2,6,3,7,0,0
3691,364,7065.83,6,2,7,0,3,0,0
3526,4549,7616.88,2,7,1,4,2,1,4
421,153,6182.86,2,0,1,2,2,1,5
2141,2351,8916.58,3,6,1,6,0,0,1
3288,965,8972.36,0,6,7,1,1,1,2
4361,1952,1889.51,3,2,5,6,5,0,1
3184,3169,718.43,3,3,7,7,5,0,1
2623,2361,7045.87,4,6,3,3,7,0,0
4768,4849,609.62,3,4,2,7,5,0,0
1337,3470,5885.16,4,2,7,2,1,1,6
914,2480,735.17,3,0,5,1,1,1,7
3518,4739,1831.64,1,4,7,7,0,0,0
2020,1884,2277.94,4,4,6,0,6,0,0
2279,1953,4445.55,2,7,6,6,4,1,4
1070,449,1321.59,4,4,4,1,6,0,0
794,2218,9098.0,2,4,2,5,4,1,2
3655,2169,1657.82,3,3,3,1,2,1,6
4209,4624,5791.39,3,7,0,2,5,0,0
1131,2376,5967.44,5,1,2,0,4,1,5
101,368,9586.19,2,0,1,3,1,1,6
4698,4787,8926.0,5,0,1,7,1,1,4
4919,156,8599.63,5,0,2,4,7,0,1
4241,2277,5371.52,6,3,2,7,1,1,5
765,957,7967.57,2,0,5,3,3,0,1
4329,165,5946.52,2,3,4,5,2,1,7
3739,3554,3871.56,6,6,5,7,5,0,1
213,4205,7651.74,2,5,1,7,2,1,2
1539,2578,3885.12,7,1,1,5,2,1,3
1561,1983,4957.49,7,3,0,6,1,1,3
525,598,7231.31,7,3,3,6,6,0,1
2385,1508,2050.37,3,7,7,4,4,1,7
4272,1277,9035.52,3,3,0,5,7,0,1
4085,3909,6305.56,4,1,0,7,4,1,5
2311,1692,4977.6,4,5,7,4,3,0,1
472,1413,1520.89,2,0,1,5,1,1,3
252,1169,8460.86,4,6,5,3,3,0,0
3196,1840,3626.16,5,6,0,6,5,0,0
404,635,5544.18,2,1,5,7,6,0,0
1199,1265,306.28,4,0,3,4,2,1,2
3912,1133,1597.08,0,4,7,7,7,0,1
1526,4602,3913.38,6,6,4,4,4,1,5
2948,4972,7410.72,1,2,2,7,7,0,0
4601,612,295.61,0,4,1,7,5,0,0
137,3873,9367.69,4,6,2,5,2,1,5
1892,2108,4175.72,4,4,6,2,0,0,1
2353,3764,446.82,4,3,3,6,4,1,3
947,1268,3935.52,4,0,6,6,1,1,5
634,4486,8816.64,0,5,4,4,3,0,1
658,4788,5730.45,6,6,4,1,0,0,0
1509,4438,1100.61,4,5,5,4,3,0,0
148,194,9660.11,3,1,5,1,6,0,0
4321,3568,6427.82,0,1,7,0,3,0,1
828,4969,2435.08,2,6,4,3,0,0,0
3714,2264,8051.22,2,1,6,1,4,1,5
1759,183,1246.04,5,0,0,1,4,1,7
4593,783,1870.46,6,1,7,5,5,0,1
923,3668,2115.56,7,2,4,1,0,0,1
3359,3689,786.68,6,6,7,5,5,0,0
4721,4412,12.86,0,5,1,2,3,0,1
4762,1390,6841.76,0,6,1,5,4,1,7
1580,2301,4275.89,1,4,5,3,3,0,0
906,3999,8952.34,4,3,3,2,3,0,1
1049,3348,8888.68,0,3,4,4,1,1,6
2602,2695,2763.17,0,0,1,7,3,0,0
4588,3980,1835.3,2,6,2,7,0,0,0
1102,702,2963.38,2,5,3,6,5,0,1
2890,1252,814.34,3,2,2,7,6,0,0
1943,4319,8248.57,6,2,0,6,7,0,1
1062,4689,8682.3,5,1,6,0,2,1,7
2820,2797,5586.34,7,1,1,5,1,1,7
4744,1557,8934.63,3,0,5,4,0,0,0
1327,4469,6392.4,5,6,0,3,5,0,1
350,1936,3620.73,5,3,2,3,3,0,1
533,4117,5303.16,5,7,3,3,0,0,0
1749,3990,5238.25,2,1,3,3,1,1,3
1497,243,2797.63,1,5,3,5,4,1,7
1018,1564,8894.38,2,0,1,4,6,0,0
3812,1682,4701.59,7,5,5,7,7,0,0
238,2857,895.48,1,2,0,6,5,0,0
2320,2245,944.96,1,1,7,2,5,0,0
4307,1114,4051.94,4,4,7,3,2,1,3
4678,831,408.88,0,6,1,4,6,0,1
34,1131,369.48,7,5,4,6,2,1,6
4234,2271,6883.53,0,4,5,1,0,0,0
852,1016,1562.78,3,0,3,4,6,0,1
4785,3894,1015.66,2,7,6,0,0,0,0
4460,1573,9992.47,5,6,0,7,6,0,1
4715,923,6166.91,2,4,4,3,6,0,0
4734,4032,2824.35,5,4,0,0,1,1,2
4877,2579,3915.51,6,4,6,7,4,1,4
4093,2315,5924.33,7,0,1,2,5,0,1
2742,729,1505.76,0,3,7,3,0,0,1
1020,1942,8373.37,0,0,1,6,5,0,0
3844,1447,8252.05,5,1,6,0,3,0,1
1037,47,2690.03,3,3,5,6,5,0,1
1460,3676,4072.74,5,7,3,5,1,1,3
3383,4080,2070.22,6,4,3,6,5,0,1
3316,3955,1826.99,1,3,1,6,5,0,0
2083,3472,1625.16,1,0,3,5,1,1,3
4568,2175,1611.94,2,7,2,6,5,0,0
868,4536,285.88,1,2,7,3,4,1,5
3967,140,3955.8,7,6,6,3,6,0,0
82,2710,2231.34,5,2,3,2,3,0,0
2618,2042,2471.17,5,0,0,0,1,1,4
1789,1916,5065.77,0,4,0,2,6,0,1
917,4470,5297.09,5,4,6,3,2,1,6
4924,4618,4111.75,1,0,3,3,2,1,2
4457,1764,5382.94,7,6,6,3,5,0,1
2543,3897,6163.15,2,0,3,3,5,0,1
3513,4044,3073.91,0,6,4,1,5,0,0
4897,2455,7529.19,4,3,0,5,6,0,1
2273,3219,1408.6,5,2,0,0,3,0,0
351,3903,2797.41,6,4,2,0,5,0,0
726,1802,8774.03,0,4,2,3,7,0,1
4589,3613,2817.73,1,1,6,2,5,0,0
4608,3225,6580.66,5,6,3,2,2,1,5
4583,2668,6168.17,6,5,4,5,1,1,6
3800,3202,6545.34,5,5,0,1,0,0,0
2761,184,7309.33,6,0,6,0,7,0,0
3925,2004,5730.61,3,3,1,2,3,0,0
4934,3686,5959.53,1,2,5,1,2,1,6
4398,3401,824.33,1,3,6,0,4,1,2
1583,605,144.42,7,4,5,2,4,1,7
1410,1552,9506.93,4,1,3,1,1,1,3
1773,4859,5384.84,5,1,7,2,4,1,4
3626,1291,342.64,5,4,2,0,5,0,1
3379,795,8487.6,5,3,3,6,0,0,0
4525,2410,5551.24,6,7,6,4,3,0,0
2572,3884,3914.1,2,7,5,0,1,1,6
4233,4534,4717.66,0,5,5,7,6,0,1
1166,2696,1623.8,2,7,2,2,6,0,1
2984,4876,938.55,0,7,1,2,6,0,1
595,2840,4959.56,7,1,4,4,3,0,1
4649,2288,6154.32,6,7,4,5,1,1,2
2484,2987,3327.75,3,6,1,2,0,0,1
1640,2832,9023.79,4,5,7,4,6,0,0
2931,366,1964.52,7,1,0,2,1,1,5
4950,4220,9839.94,2,5,6,2,5,0,1
1911,104,8235.6,1,5,1,3,3,0,1
2499,884,9570.99,1,6,6,5,6,0,1
453,3981,960.02,3,0,3,0,2,1,5
122,3918,1632.07,3,0,1,6,0,0,1
490,4878,5755.8,7,5,7,7,2,1,3
4587,2383,885.48,5,3,1,3,2,1,5
248,4454,1403.61,0,1,0,0,2,1,4
3850,2799,4534.19,2,6,6,5,0,0,1
2977,2341,6992.85,4,5,7,7,1,1,7
881,1592,2058.14,4,4,2,0,3,0,1
4755,4341,2769.89,1,0,5,6,6,0,1
1349,4581,5373.71,6,0,2,3,5,0,0
4612,926,4071.61,2,6,3,0,0,0,1
4432,4778,4129.05,6,3,4,0,4,1,4
4864,4300,2242.04,7,4,7,4,6,0,1
269,3272,4075.29,4,6,4,2,4,1,2
1642,2457,1964.85,1,3,2,5,6,0,1
3324,4733,7832.84,3,4,2,4,7,0,0
1847,1471,7823.5,3,2,3,4,1,1,3
1925,89,5535.2,5,4,7,2,5,0,0
214,4325,9510.92,0,3,0,6,1,1,2
1134,3200,7656.39,5,3,4,3,3,0,0
1587,481,2739.63,0,2,6,5,2,1,6
1874,2440,3126.87,1,2,6,2,6,0,0
1990,1722,6757.25,2,3,4,6,0,0,0
3543,615,3482.44,0,3,5,1,2,1,2
3503,1157,6733.09,6,2,0,2,5,0,1
2887,148,6252.12,4,7,7,3,0,0,1
3713,4850,2383.67,2,1,1,4,2,1,3
4983,2397,2179.47,3,6,5,5,7,0,0
2763,872,9243.2,6,3,7,1,3,0,1
1107,3994,402.59,6,3,7,6,5,0,1
3160,4918,7157.62,0,5,6,1,7,0,0
462,3511,8718.37,3,0,4,6,2,1,7
4711,359,1600.0,1,4,3,1,3,0,0
523,842,3639.6,3,4,4,4,2,1,3
3786,1525,9958.68,7,7,6,4,4,1,3
3118,1710,3362.1,7,7,6,7,5,0,1
3978,3203,2991.37,6,4,4,1,0,0,1
2779,4870,2459.74,6,3,3,7,3,0,0
4740,271,5540.38,4,6,6,2,7,0,0
3393,4041,615.89,2,7,4,4,0,0,1
1588,4079,710.92,0,7,4,3,7,0,1
349,158,9731.58,5,1,1,2,0,0,1
2536,3127,5782.14,6,3,6,5,0,0,0
2291,1298,9637.2,1,1,3,2,5,0,1
3621,1981,1004.3,1,2,3,2,6,0,0
2700,2886,9051.95,6,1,5,4,0,0,1
1748,1569,5443.61,0,3,4,7,1,1,7
52,3099,7149.34,1,0,7,5,2,1,7
2855,4574,3306.66,2,5,1,1,6,0,1
2330,4179,7602.76,1,4,2,6,1,1,4
2838,4240,5411.69,1,2,0,4,2,1,2
293,1145,6962.62,7,0,2,7,7,0,1
3478,1233,7889.83,3,7,6,5,0,0,0
1721,1960,3101.18,5,7,2,5,1,1,2
2125,517,5675.96,7,2,0,5,2,1,7
3731,4330,441.24,1,0,2,4,7,0,1
2315,1303,3644.38,7,5,4,7,4,1,7
4530,3448,4816.98,0,6,6,1,5,0,1
1235,1906,2258.97,6,6,5,7,0,0,0
2219,1065,8529.26,4,3,3,2,7,0,1
332,4049,9393.56,1,0,1,4,4,1,6
2868,4367,5109.17,0,1,5,6,5,0,0
943,2349,8185.2,3,3,3,1,1,1,7
4150,4167,6746.17,7,1,3,5,0,0,1
2741,1688,4142.73,1,3,2,3,2,1,4
2613,1929,1003.73,0,7,2,6,3,0,0
3257,1068,3274.56,6,2,0,1,0,0,1
240,4843,4152.36,7,1,0,3,6,0,1
693,4293,8480.13,1,4,2,3,6,0,1
3410,710,3411.26,0,4,1,1,7,0,1
3883,3792,1973.14,4,2,6,3,7,0,1
2269,2652,8856.99,6,2,5,7,4,1,5
4804,4457,6503.21,3,4,4,1,2,1,5
49,1367,44.88,7,3,2,4,7,0,1
664,488,1267.71,5,3,6,7,1,1,2
1210,3350,6999.87,0,7,1,0,0,0,0
845,1079,651.02,3,5,2,3,2,1,5
4085,1679,4677.84,0,0,2,5,3,0,0
91,4681,3195.35,2,3,3,3,6,0,0
143,2756,3751.76,4,7,0,6,1,1,7
2673,2640,5284.16,7,1,3,6,2,1,3
58,3018,6944.61,0,2,0,4,1,1,2
696,3552,7624.04,1,7,6,2,6,0,0
1096,578,2743.58,6,1,6,2,7,0,0
3308,1715,3962.76,7,6,3,5,0,0,1
1599,2099,78.18,4,6,3,3,4,1,4
2161,1537,2325.65,1,4,0,7,7,0,1
2376,242,88.01,1,1,7,6,6,0,1
1192,4150,2823.22,1,3,4,7,4,1,5
2256,4487,5432.82,0,6,0,6,5,0,0
641,4206,1648.58,3,3,4,7,6,0,1
3408,1043,4827.3,2,3,0,5,2,1,7
4158,2704,6466.15,3,2,5,6,1,1,6
1014,3890,8257.55,3,3,3,5,3,0,1
4142,3827,9517.81,7,4,3,1,6,0,0
1613,4658,3680.1,2,7,3,1,7,0,1
1010,4780,853.88,7,5,7,1,2,1,5
2243,4558,2153.4,2,2,7,3,1,1,2
483,3919,5642.11,1,4,6,5,4,1,5
1812,3236,6456.23,6,1,0,4,7,0,0
2272,599,3136.96,3,3,0,1,4,1,7
1259,1750,1525.52,5,5,7,0,3,0,0
4405,4983,5414.56,5,2,7,4,7,0,0
3255,1075,9537.12,4,6,5,7,2,1,5
330,2028,8359.58,1,7,6,4,1,1,5
2467,1132,5846.34,2,6,7,4,2,1,7
3690,1209,9081.66,1,3,6,3,3,0,0
1253,1459,2964.7,4,7,0,1,5,0,1
4539,2337,7475.55,0,7,7,5,2,1,2
115,618,21.63,7,3,3,6,5,0,0
2877,3444,6092.77,6,1,4,6,4,1,2
3713,218,2986.51,7,3,3,5,5,1,7
2205,1997,3649.6,0,1,5,1,5,0,1
4920,3957,7675.9,2,2,7,6,4,1,2
3433,3520,1090.14,4,6,1,0,1,1,4
3624,2133,6683.93,7,7,3,5,4,1,4
2660,3024,4549.49,5,3,5,7,1,1,2
1343,3988,8763.32,7,4,0,0,0,0,1
4015,1109,4840.94,0,1,6,0,4,1,3
478,2537,4042.93,5,6,5,2,2,1,3
3058,266,5231.7,5,1,4,5,6,0,1
1857,3335,9079.27,1,7,4,1,7,0,1
4295,3477,4144.96,0,4,0,5,4,1,2
3397,2197,9518.56,7,6,1,4,5,0,1
2866,1127,4167.24,1,2,0,6,4,1,6
2876,4067,1004.36,0,6,5,3,3,0,1
2257,121,6554.81,2,5,3,1,2,1,5
4354,962,6528.74,5,0,7,3,3,0,0
1618,2843,5043.16,0,3,0,7,0,0,0
2745,2281,8294.88,4,7,3,4,5,0,0
4834,3314,5844.59,3,6,4,5,2,1,6
932,2908,2359.03,5,2,1,3,6,0,1
3334,1912,2625.2,5,5,3,4,0,0,0
1592,1533,1719.71,3,0,1,1,5,0,0
113,4334,1500.37,6,6,0,1,2,1,7
2130,2232,3877.34,5,1,7,7,6,0,1
1162,4633,1534.89,3,7,3,1,7,0,0
3796,914,2752.97,6,5,4,1,4,1,4
1006,2699,512.33,1,6,7,1,7,0,0
3537,348,1754.64,7,2,0,2,5,0,1
1766,2172,264.54,0,6,4,1,2,1,2
4140,4320,5023.52,7,2,0,3,0,0,0
3111,3550,1625.46,4,0,4,1,5,0,1
1197,3934,1784.91,3,0,7,6,5,0,1
1236,2557,2517.22,6,2,6,5,1,1,6
2680,2059,3821.38,1,4,1,3,2,1,3
4391,2957,2155.99,4,2,3,6,5,0,0
999,838,3197.51,4,0,1,7,2,1,5
2041,4924,4646.47,2,7,6,3,1,1,6
2582,3387,5230.22,5,4,7,7,0,0,1
1670,402,7231.23,0,1,7,0,6,0,0
1562,3104,1921.19,6,5,0,5,5,0,0
2159,2462,5520.51,6,7,2,7,6,0,1
402,4127,5052.97,2,6,7,2,3,0,1
701,295,6747.22,1,5,3,4,5,0,1
1181,1897,2898.12,0,2,5,4,6,0,0
4516,2199,6243.96,7,2,4,1,3,0,1
1277,4046,1378.38,2,3,5,6,0,0,0
1741,4608,8357.39,4,0,2,4,5,0,1
3561,447,397.73,7,6,3,0,4,1,4
824,4203,4262.28,5,0,4,5,3,0,0
2263,2656,2039.53,6,3,4,1,7,0,0
2910,1600,3868.01,2,1,5,5,7,0,0
144,2831,1939.17,0,4,4,6,3,0,1
1390,738,1512.48,5,5,2,2,7,0,1
3,4868,9982.97,3,5,6,5,7,0,0
4032,1935,4615.59,5,4,4,7,7,0,1
3149,2839,8093.18,1,3,5,5,7,0,0
2460,1823,2797.39,5,3,4,5,7,0,0
2024,1059,1229.09,3,2,7,7,1,1,4
1706,2257,6734.22,6,6,3,5,5,0,0
2043,1007,1502.3,6,1,0,7,3,0,1
893,827,7723.77,2,1,5,1,5,0,0
3730,1369,664.16,5,1,3,5,1,1,7
4751,3657,3512.44,2,1,2,6,2,1,2
4940,722,330.05,2,4,2,3,1,1,3
1240,257,3507.5,3,5,6,5,7,0,1
2588,4696,3839.77,6,7,1,7,2,1,5
1224,2186,710.4,7,3,5,4,3,0,1
3471,1305,7568.53,5,2,1,2,5,0,0
3296,56,2962.13,4,1,3,4,2,1,5
129,4154,5159.53,4,2,4,3,2,1,2
1958,4494,8123.2,3,6,4,5,7,0,1
778,1893,8433.63,6,1,7,0,1,1,3
399,4165,8960.35,5,1,2,0,5,0,0
1633,2087,3544.42,3,4,4,5,5,0,0
1143,709,4646.78,6,3,5,7,2,1,5
3193,1504,7296.16,3,0,3,4,0,0,1
783,961,8898.35,0,4,2,6,6,0,1
3170,133,9601.07,5,2,5,0,4,1,3
4323,932,3849.45,3,4,3,5,7,0,0
4748,1460,1962.88,5,1,0,7,1,1,5
3387,2034,2783.03,4,7,4,4,7,0,0
3755,3650,4473.69,6,2,4,3,6,0,1
886,1198,6945.53,0,1,0,6,0,0,0
3251,864,8850.1,4,2,3,6,6,0,0
3586,4174,4269.09,3,1,5,0,6,0,0
1546,4142,4868.34,0,4,4,3,5,0,1
3744,4813,7820.72,5,0,2,3,7,0,0
2400,4317,5571.11,5,3,4,3,4,1,7
3094,2999,2938.47,6,1,7,7,1,1,2
607,2769,6223.29,0,2,3,6,2,1,2
503,4963,7400.28,3,2,0,6,1,1,3
1338,1297,1939.64,2,6,2,7,5,0,0
3788,1918,8170.9,5,4,7,7,7,0,1
4625,2217,1557.22,5,0,0,3,1,1,3
1524,3864,6532.55,5,0,3,5,7,0,0
1164,3222,5743.12,5,5,1,2,6,0,0
3456,2911,5367.72,0,2,5,5,2,1,5
2304,3701,9501.49,5,7,4,1,2,1,7
4311,4951,2714.71,7,6,0,5,2,1,3
2865,4594,5642.55,5,2,7,6,0,0,0
4717,3245,6031.04,4,3,3,1,4,1,7
3227,854,1458.98,4,5,3,3,2,1,5
2245,2892,7428.51,7,7,2,3,7,0,1
4648,2773,4690.48,5,5,3,2,0,0,0
3150,2252,6964.77,6,4,1,4,0,0,0
323,1163,1642.92,0,6,0,1,6,0,0
4835,2394,6004.04,4,0,0,0,3,0,0
3639,3497,9152.26,5,6,6,2,6,0,0
1764,3824,420.58,2,1,6,2,6,0,0
1273,3111,5592.73,7,5,5,5,3,0,0
4229,179,9564.51,6,2,4,7,6,0,0
2949,4329,2513.61,6,3,3,3,1,1,2
4935,241,2982.2,6,1,2,5,3,0,1
4378,4353,3679.27,5,7,1,0,7,0,1
1590,3474,5147.28,3,6,0,5,7,0,0
1399,4631,3274.93,5,3,0,0,2,1,7
4392,4807,256.9,2,3,4,1,2,1,2
3140,3048,1388.93,2,6,3,2,5,0,0
677,1908,2920.61,0,1,6,1,5,0,1
492,567,5667.9,3,3,1,0,5,0,0
605,4877,8214.7,6,5,3,3,0,0,1
2325,4973,3818.54,7,5,6,0,6,0,0
4538,3077,4105.71,6,1,2,2,1,1,4
1076,1183,5795.49,3,5,0,5,2,1,7
356,2724,9078.11,0,5,4,4,6,0,1
1515,3138,3062.26,2,0,3,5,2,1,4
4799,2768,2059.29,3,6,3,7,5,0,0
1207,891,8661.0,0,3,0,5,3,0,0
3886,733,5687.04,6,2,2,1,1,1,7
167,2675,4652.76,4,3,4,5,0,0,0
3216,2355,4221.08,2,0,6,5,0,0,1
4960,135,7691.99,7,6,6,0,0,0,1
1381,6,7615.52,2,6,7,7,1,1,4
456,160,2565.64,7,6,2,5,4,1,2
895,327,6147.18,0,5,1,6,4,1,7
1937,1353,5302.39,5,6,6,7,7,0,1
2569,3891,9161.59,3,1,2,0,0,0,1
4796,1045,3271.7,6,1,2,7,6,0,0
655,1117,6255.35,0,1,4,5,6,0,1
3647,2146,587.09,1,4,7,7,3,0,1
1585,552,5174.82,0,1,6,1,4,1,5
744,505,7259.4,1,0,6,6,3,0,1
87,2500,2688.79,0,3,0,4,1,1,4
3048,946,856.71,2,6,7,2,4,1,4
2734,4066,8153.9,7,5,3,5,3,0,0
1088,3380,8870.99,6,0,0,5,6,0,1
2853,3845,6290.11,1,2,5,0,4,1,6
508,3986,3342.2,4,5,3,4,5,0,0
3502,1085,5659.21,0,2,2,0,1,1,6
1188,542,8924.78,5,7,3,0,5,0,0
3247,4727,5603.52,0,5,2,7,2,1,7
3728,3284,3638.94,0,6,3,3,3,0,1
1512,4245,4009.25,0,3,2,1,1,1,6
3386,3488,7499.19,5,6,5,4,3,0,1
4886,4270,5618.85,5,1,1,1,5,0,0
2381,2256,5087.44,6,3,5,7,4,1,7
3532,119,4508.29,4,0,3,4,7,0,1
2560,181,4247.36,6,4,0,2,0,0,1
2987,3961,1327.83,6,3,2,4,5,0,0
3089,643,1178.29,7,6,1,6,1,1,5
4693,3257,5198.09,5,1,0,6,2,1,2
3591,4405,2450.72,1,4,1,6,2,1,7
2117,667,4578.37,2,0,0,6,0,0,0
4985,1789,4615.49,5,4,5,7,7,0,0
4618,3783,5071.7,2,2,0,4,0,0,0
4024,832,6271.43,7,6,4,7,3,0,0
578,3173,4771.43,4,4,3,4,0,0,1
1654,84,6594.03,3,6,0,7,3,0,0
1827,123,8774.88,2,0,4,3,0,0,0
344,3806,6740.41,6,0,6,6,7,0,1
1318,4962,2455.52,7,2,6,0,1,1,5
2701,2134,5231.65,4,6,0,0,4,1,2
4236,1681,9913.05,3,5,2,1,7,0,0
3856,1753,7187.3,1,4,4,3,0,0,1
1189,4557,2670.96,1,6,4,4,5,0,0
1717,3062,3011.09,0,7,4,6,4,1,5
118,3753,4304.62,4,6,7,4,4,1,7
3057,4124,205.84,0,5,2,3,0,0,0
1333,2178,5224.79,1,0,2,1,5,0,0
4350,1421,1030.61,5,7,7,6,1,1,6
2366,1717,9459.08,4,5,7,3,2,1,5
3662,629,3100.58,1,6,0,6,2,1,5
4899,496,8653.26,0,0,5,3,7,0,1
1061,2568,2348.59,5,0,6,6,4,1,2
788,41,3055.56,0,6,1,4,2,1,2
1090,365,8172.63,5,2,2,2,5,0,0
3436,1285,1066.66,2,1,4,3,5,0,0
3424,4409,5731.77,1,4,4,0,2,1,4
3677,661,3955.65,2,1,2,1,0,0,0
